selected project;rowId;projectId;ownerLogin;name;language;totalCommitters;totalcommits;projectAge;windowIdx;blauGender;turnover;female;lone;tenureMedian;tenureDiversity;expertise;teamSize;stCongruence;truckFactor;centrality
https://github.com/cloudfoundry-attic/cf-docs;850714;143060;cloudfoundry;cf-docs;Shell;133;1136;17;1;0.48;1;4;0;4;8;0.2;39;0.48;3;0.6
https://github.com/liferay/liferay-portal;148770;3981;liferay;liferay-portal;Java;341;118673;7;5;0.375;1;10;0;4;4;0.2;30;0.66;3;0.9
https://github.com/cloudfoundry-attic/cf-docs;850719;143060;cloudfoundry;cf-docs;Shell;133;1136;17;6;0.289;0.706;7;0;0;4;0.4;39;0.48;4;1.1
https://github.com/chapuni/llvm-project;356513;2947549;fangism;llvm;C++;33;101;20;1;0.198;1;1;0;4;5;0.1;38;0.59;5;0.1
https://github.com/django/django;450415;1226;django;django-html-escape;Python;1100;23604;17;6;0.165;0.318;2;0;5;4;0.9;36;0.8;2;1.3
https://github.com/rspec/rspec-core;579582;46357;rspec;core;Ruby;256;4802;6;14;0.119;0.301;1;0;2;5;0.1;37;0.58;3;0.7
https://github.com/moodle/moodle;559539;1691;moodle;wip-MDL-38793-2.5_users_replace_filters;PHP;366;47096;7;16;0.117;0.362;1;0;4;1;0.9;41;0.62;1;0.1
https://github.com/rspec/rspec-core;579586;46357;rspec;core;Ruby;256;4802;6;18;0.105;0.227;7;0;0;6;0.8;30;0.53;1;0.9
https://github.com/django/django;450425;1226;django;django-html-escape;Python;1100;23604;17;16;0.095;0.182;2;0;3;4;0.1;40;0.47;4;0.6
https://github.com/symfony/symfony-docs;531316;10070;symfony;symfony-docs-id;Python;772;9969;8;14;0.076;0.406;2;0;1;1;0;27;0.46;3;0.9
https://github.com/torvalds/linux;806630;1088;torvalds;linux-imx6-1;C;1053;104219;14;18;0.067;0.295;3;0;3;5;0.4;43;0.51;5;1.4
https://github.com/burke/zeus;995108;2857;burke;zeus;Go;55;714;18;4;0.019;0.079;3;0;2;3;0.3;44;0.47;2;0.7
https://github.com/mozilla/openbadger;148686;19064;mozilla;OpenBadger;JavaScript;15;862;17;5;0.245;0.111;9;1;2;7;0.2;31;0.48;3;0.5
https://github.com/django/django;450418;1226;django;django-html-escape;Python;1100;23604;17;9;0.208;0.353;1;1;2;7;0.8;45;0.76;5;0.8
https://github.com/akretion/openerp-addons;15066;3085817;Akretion;openerp-addons;Python;113;2363;19;6;0.194;0.407;1;1;2;0;0.8;43;0.59;5;1.4
https://github.com/liferay/liferay-portal;148773;3981;liferay;liferay-portal;Java;341;118673;7;8;0.173;0.152;4;1;4;2;0.3;34;0.78;2;1.4
https://github.com/puppetlabs/puppet;211239;847;puppetlabs;puppetlabs-puppet;Ruby;408;16883;4;23;0.112;0.456;11;1;1;8;1;39;0.49;2;0.6
https://github.com/moodle/moodle;559542;1691;moodle;wip-MDL-38793-2.5_users_replace_filters;PHP;366;47096;7;19;0.105;0.418;1;1;4;4;1;20;0.6;5;1.1
https://github.com/rspec/rspec-core;579579;46357;rspec;core;Ruby;256;4802;6;11;0.103;0.288;1;1;5;4;0.8;33;0.4;2;0.3
https://github.com/moodle/moodle;559543;1691;moodle;wip-MDL-38793-2.5_users_replace_filters;PHP;366;47096;7;20;0.09;0.364;3;1;1;6;0;34;0.7;5;0.9
https://github.com/rspec/rspec-core;579581;46357;rspec;core;Ruby;256;4802;6;13;0.087;0.102;5;1;4;8;0.8;20;0.52;3;0.5
https://github.com/torvalds/linux;806634;1088;torvalds;linux-imx6-1;C;1053;104219;14;22;0.071;0.347;2;1;0;1;0.5;23;0.61;2;0.7
https://github.com/jedi4ever/veewee;191002;13255;jedi4ever;veewee;Shell;366;3228;11;4;0.054;0.458;5;1;2;6;0.4;22;0.48;4;0
https://github.com/jedi4ever/veewee;191003;13255;jedi4ever;veewee;Shell;366;3228;11;5;0.029;0.427;4;1;1;3;0.7;33;0.59;2;0.7
https://github.com/rspec/rspec-core;579576;46357;rspec;core;Ruby;256;4802;6;8;0.025;0.22;1;1;4;2;0.1;30;0.77;1;0.7
https://github.com/symfony/symfony-docs;531308;10070;symfony;symfony-docs-id;Python;772;9969;8;6;0.021;0.618;5;1;2;0;0.5;30;0.6;1;0.4
https://github.com/chapuni/llvm-project;554385;378623;CTSRD-CHERI;llvm;C++;16;208;18;3;0.32;0.8;2;2;2;7;0.4;26;0.53;2;0.4
https://github.com/chapuni/llvm-project;554384;378623;CTSRD-CHERI;llvm;C++;16;208;18;1;0.165;1;2;2;4;0;1;44;0.5;1;0.7
https://github.com/rspec/rspec-core;579584;46357;rspec;core;Ruby;256;4802;6;16;0.121;0.239;25;2;5;8;0.1;28;0.51;5;0.4
https://github.com/robbyrussell/oh-my-zsh;839940;3231;robbyrussell;zsh-config;Python;3384;25212;6;10;0.094;0.616;4;2;2;3;1;24;0.51;3;0.6
https://github.com/moodle/moodle;559538;1691;moodle;wip-MDL-38793-2.5_users_replace_filters;PHP;366;47096;7;15;0.093;0.34;1;2;3;0;1;42;0.6;1;0.4
https://github.com/chapuni/llvm-project;739696;10;chapuni;llvm;C++;269;11874;12;7;0.082;0.388;3;2;0;5;0.3;20;0.59;5;0.6
https://github.com/rspec/rspec-core;579577;46357;rspec;core;Ruby;256;4802;6;9;0.08;0.25;5;2;4;1;0.5;29;0.42;5;0.9
https://github.com/liferay/liferay-portal;148777;3981;liferay;liferay-portal;Java;341;118673;7;12;0.075;0.315;3;2;3;6;0.7;23;0.51;5;1.4
https://github.com/emberjs/ember.js;778483;540;emberjs;amber.js;JavaScript;480;9756;13;7;0.074;0.215;8;2;4;6;1;20;0.45;1;0.6
https://github.com/robbyrussell/oh-my-zsh;839935;3231;robbyrussell;zsh-config;Python;3384;25212;6;5;0.04;0.658;1;2;4;7;0.8;26;0.47;3;0.5
https://github.com/torvalds/linux;806627;1088;torvalds;linux-imx6-1;C;1053;104219;14;15;0.035;0.505;5;2;4;8;0.1;44;0.56;4;0.4
https://github.com/akretion/openerp-addons;15061;3085817;Akretion;openerp-addons;Python;113;2363;19;1;0.375;1;1;3;0;4;0;43;0.54;1;0.5
https://github.com/django/django;450419;1226;django;django-html-escape;Python;1100;23604;17;10;0.231;0.133;2;3;4;2;0.3;24;0.68;3;0
https://github.com/moodle/moodle;559533;1691;moodle;wip-MDL-38793-2.5_users_replace_filters;PHP;366;47096;7;10;0.231;0.938;8;3;0;4;0.3;27;0.67;2;1.3
https://github.com/moodle/moodle;559540;1691;moodle;wip-MDL-38793-2.5_users_replace_filters;PHP;366;47096;7;17;0.208;0.456;1;3;0;1;0;37;0.72;2;1.3
https://github.com/liferay/liferay-portal;148774;3981;liferay;liferay-portal;Java;341;118673;7;9;0.165;0.261;2;3;0;7;0.7;34;0.43;3;0.5
https://github.com/moodle/moodle;559534;1691;moodle;wip-MDL-38793-2.5_users_replace_filters;PHP;366;47096;7;11;0.153;0.462;2;3;1;6;0.7;37;0.79;3;1.5
https://github.com/holman/dotfiles;673758;3545;holman;dotfiles-v2;C;886;19168;9;7;0.027;0.658;9;3;5;6;1;28;0.8;3;1.5
https://github.com/mxcube/mxcube;26067;3537187;mxcube;mxcube;Python;23;1050;21;1;0.496;1;14;4;4;1;0.5;44;0.57;2;1.5
https://github.com/genome/gms;690536;804746;genome;gms-core;Perl;52;4905;18;5;0.337;0.235;2;4;1;7;0.3;25;0.8;3;1.3
https://github.com/moodle/moodle;559546;1691;moodle;wip-MDL-38793-2.5_users_replace_filters;PHP;366;47096;7;23;0.199;0.394;3;4;5;1;0.6;42;0.63;4;0.9
https://github.com/puppetlabs/puppet;211232;847;puppetlabs;puppetlabs-puppet;Ruby;408;16883;4;16;0.094;0.386;6;4;0;8;0.5;21;0.45;1;0.9
https://github.com/burke/zeus;995106;2857;burke;zeus;Go;55;714;18;2;0.091;0.123;2;4;4;5;0.4;27;0.55;4;0.3
https://github.com/rspec/rspec-core;579574;46357;rspec;core;Ruby;256;4802;6;6;0.053;0.281;6;4;5;4;0.6;42;0.65;3;1.4
https://github.com/travis-ci/travis-ci;108366;14915;travis-ci;travis-ci;JavaScript;129;7076;12;8;0.032;0.028;6;4;0;5;0.3;29;0.57;4;0.3
https://github.com/chapuni/llvm-project;827045;163432;jrk;llvm;C++;43;304;13;1;0.142;1;1;5;5;5;0.2;32;0.74;5;0.5
https://github.com/chapuni/llvm-project;685768;147157;Bigcheese;llvm;C++;42;150;12;1;0.133;1;2;5;0;1;0.8;37;0.64;2;0.3
https://github.com/django/django;450411;1226;django;django-html-escape;Python;1100;23604;17;2;0.124;0.2;3;5;0;7;0.6;41;0.83;5;1.3
https://github.com/jedi4ever/veewee;191006;13255;jedi4ever;veewee;Shell;366;3228;11;8;0.106;0.43;5;5;0;7;0.4;28;0.6;3;0.8
https://github.com/rspec/rspec-core;579580;46357;rspec;core;Ruby;256;4802;6;12;0.088;0.169;3;5;5;8;0.3;42;0.49;4;0.9
https://github.com/torvalds/linux;806622;1088;torvalds;linux-imx6-1;C;1053;104219;14;10;0.045;0.206;1;5;2;3;0.1;23;0.75;3;0.6
https://github.com/emberjs/ember.js;778482;540;emberjs;amber.js;JavaScript;480;9756;13;6;0.034;0.153;2;5;1;4;0.6;24;0.75;5;0.5
https://github.com/torvalds/linux;806626;1088;torvalds;linux-imx6-1;C;1053;104219;14;14;0.027;0.531;3;5;0;5;0.9;34;0.47;5;0.8
https://github.com/torvalds/linux;806624;1088;torvalds;linux-imx6-1;C;1053;104219;14;12;0.022;0.24;1;5;2;5;1;25;0.67;4;1.3
https://github.com/puppetlabs/puppet;211229;847;puppetlabs;puppetlabs-puppet;Ruby;408;16883;4;13;0.159;0.458;2;6;1;7;1;31;0.76;3;0.5
https://github.com/puppetlabs/puppet;506970;873008;puppetlabs;puppetlabs-puppetdb;Puppet;49;357;18;1;0.142;0.769;2;6;5;2;0.7;24;0.65;2;0.1
https://github.com/moodle/moodle;559536;1691;moodle;wip-MDL-38793-2.5_users_replace_filters;PHP;366;47096;7;13;0.121;0.486;10;6;5;2;0.3;27;0.5;3;0.1
https://github.com/django/django;450433;1226;django;django-html-escape;Python;1100;23604;17;24;0.095;0.656;1;6;4;4;0.6;23;0.82;5;1.4
https://github.com/emberjs/ember.js;778485;540;emberjs;amber.js;JavaScript;480;9756;13;9;0.074;0.152;7;6;2;0;0;44;0.49;1;0.5
https://github.com/django/django;450428;1226;django;django-html-escape;Python;1100;23604;17;19;0.072;0.665;1;6;1;2;1;26;0.45;2;0.1
https://github.com/travis-ci/travis-ci;108369;14915;travis-ci;travis-ci;JavaScript;129;7076;12;11;0.053;0.018;8;6;3;7;1;26;0.82;3;0.6
https://github.com/robbyrussell/oh-my-zsh;839934;3231;robbyrussell;zsh-config;Python;3384;25212;6;4;0.038;0.322;12;6;2;0;0;45;0.44;3;1.5
https://github.com/cloudfoundry-attic/cf-docs;850716;143060;cloudfoundry;cf-docs;Shell;133;1136;17;3;0.48;0.5;1;7;1;8;0.1;37;0.76;3;1.4
https://github.com/genome/gms;690533;804746;genome;gms-core;Perl;52;4905;18;2;0.211;0.069;20;7;4;4;0.5;32;0.48;1;0.9
https://github.com/liferay/liferay-portal;148780;3981;liferay;liferay-portal;Java;341;118673;7;15;0.139;0.237;31;7;5;3;0.9;40;0.49;1;1.2
https://github.com/liferay/liferay-portal;148778;3981;liferay;liferay-portal;Java;341;118673;7;13;0.129;0.263;2;7;0;8;0.4;25;0.66;2;0.6
https://github.com/torvalds/linux;806636;1088;torvalds;linux-imx6-1;C;1053;104219;14;24;0.112;0.368;11;7;5;1;0.4;43;0.45;2;1.4
https://github.com/puppetlabs/puppet;211240;847;puppetlabs;puppetlabs-puppet;Ruby;408;16883;4;24;0.099;0.543;2;7;4;6;0.1;21;0.52;5;0.8
https://github.com/django/django;450423;1226;django;django-html-escape;Python;1100;23604;17;14;0.095;0.095;3;7;4;5;0.7;32;0.65;1;0.9
https://github.com/robbyrussell/oh-my-zsh;839944;3231;robbyrussell;zsh-config;Python;3384;25212;6;14;0.084;0.458;5;7;0;7;0.6;35;0.4;2;0.4
https://github.com/django/django;450431;1226;django;django-html-escape;Python;1100;23604;17;22;0.076;0.504;19;7;1;1;0.9;28;0.54;4;0.6
https://github.com/robbyrussell/oh-my-zsh;839943;3231;robbyrussell;zsh-config;Python;3384;25212;6;13;0.067;0.525;3;7;5;1;0;38;0.57;5;0.1
https://github.com/robbyrussell/oh-my-zsh;839937;3231;robbyrussell;zsh-config;Python;3384;25212;6;7;0.062;0.61;7;7;0;3;0.9;23;0.78;4;1.1
https://github.com/puppetlabs/puppet;211230;847;puppetlabs;puppetlabs-puppet;Ruby;408;16883;4;14;0.061;0.606;11;7;5;0;0;28;0.52;4;0.3
https://github.com/robbyrussell/oh-my-zsh;839936;3231;robbyrussell;zsh-config;Python;3384;25212;6;6;0.049;0.59;3;7;1;1;0.5;29;0.48;5;0
https://github.com/symfony/symfony-docs;531311;10070;symfony;symfony-docs-id;Python;772;9969;8;9;0.047;0.514;1;7;4;1;0.8;25;0.6;2;0
https://github.com/torvalds/linux;806628;1088;torvalds;linux-imx6-1;C;1053;104219;14;16;0.025;0.303;9;7;1;4;0.6;26;0.64;3;0
https://github.com/genome/gms;690534;804746;genome;gms-core;Perl;52;4905;18;3;0.365;0.214;5;8;4;4;0.1;42;0.55;5;0.6
https://github.com/akretion/openerp-addons;15064;3085817;Akretion;openerp-addons;Python;113;2363;19;4;0.327;0.932;6;8;1;4;0.1;36;0.48;3;0.8
https://github.com/genome/gms;690535;804746;genome;gms-core;Perl;52;4905;18;4;0.302;0.219;4;8;1;2;0.4;37;0.64;5;0.8
https://github.com/cloudfoundry-attic/cf-docs;850717;143060;cloudfoundry;cf-docs;Shell;133;1136;17;4;0.18;0.583;4;8;0;2;0.5;27;0.64;5;0.7
https://github.com/moodle/moodle;559545;1691;moodle;wip-MDL-38793-2.5_users_replace_filters;PHP;366;47096;7;22;0.169;0.366;10;8;3;8;0;38;0.56;3;0.6
https://github.com/liferay/liferay-portal;148781;3981;liferay;liferay-portal;Java;341;118673;7;16;0.166;0.193;2;8;4;5;0.8;30;0.7;1;1.4
https://github.com/chapuni/llvm-project;739694;10;chapuni;llvm;C++;269;11874;12;5;0.133;0.295;12;8;1;5;1;21;0.8;3;0.6
https://github.com/liferay/liferay-portal;148772;3981;liferay;liferay-portal;Java;341;118673;7;7;0.126;0.431;1;8;1;7;0.6;39;0.78;5;0
https://github.com/symfony/symfony-docs;531309;10070;symfony;symfony-docs-id;Python;772;9969;8;7;0.098;0.523;13;8;0;6;0.4;39;0.7;3;0.6
https://github.com/emberjs/ember.js;778484;540;emberjs;amber.js;JavaScript;480;9756;13;8;0.074;0.234;6;8;2;6;0.6;24;0.48;1;0.6
https://github.com/symfony/symfony-docs;531314;10070;symfony;symfony-docs-id;Python;772;9969;8;12;0.058;0.467;5;8;5;5;0.5;22;0.5;1;0.9
https://github.com/symfony/symfony-docs;531312;10070;symfony;symfony-docs-id;Python;772;9969;8;10;0.033;0.503;7;8;1;7;0.9;34;0.59;5;0.6
https://github.com/chapuni/llvm-project;883893;1847533;loganchien;llvm;C++;26;508;18;5;0.245;0.857;1;9;1;5;0.9;74;0.05;4;1.4
https://github.com/chapuni/llvm-project;739692;10;chapuni;llvm;C++;269;11874;12;3;0.155;0.855;3;9;2;2;0.8;60;0.24;2;0.1
https://github.com/symfony/symfony-docs;531306;10070;symfony;symfony-docs-id;Python;772;9969;8;4;0.142;0.61;1;9;0;1;0.1;54;0.13;4;1.3
https://github.com/chapuni/llvm-project;739699;10;chapuni;llvm;C++;269;11874;12;10;0.118;0.374;3;9;4;3;0.1;53;0.18;2;1.4
https://github.com/puppetlabs/puppet;211231;847;puppetlabs;puppetlabs-puppet;Ruby;408;16883;4;15;0.108;0.429;4;9;3;3;0.2;79;0.11;5;1
https://github.com/rspec/rspec-core;579575;46357;rspec;core;Ruby;256;4802;6;7;0.097;0.247;6;9;4;6;0.9;54;0.08;5;0.1
https://github.com/django/django;450427;1226;django;django-html-escape;Python;1100;23604;17;18;0.084;0.753;27;9;1;5;0.6;37;0.64;3;1.2
https://github.com/robbyrussell/oh-my-zsh;839947;3231;robbyrussell;zsh-config;Python;3384;25212;6;17;0.073;0.464;7;9;4;1;0;31;0.59;4;0.7
https://github.com/rspec/rspec-core;579585;46357;rspec;core;Ruby;256;4802;6;17;0.071;0.211;1;9;4;8;0.6;30;0.83;1;0.5
https://github.com/liferay/liferay-portal;148776;3981;liferay;liferay-portal;Java;341;118673;7;11;0.071;0.276;2;9;4;1;0.9;44;0.54;3;1.2
https://github.com/puppetlabs/puppet;211237;847;puppetlabs;puppetlabs-puppet;Ruby;408;16883;4;21;0.067;0.447;4;9;1;4;0;42;0.48;3;1.3
https://github.com/holman/dotfiles;673760;3545;holman;dotfiles-v2;C;886;19168;9;9;0.067;0.463;8;9;4;5;0.3;27;0.57;2;1.1
https://github.com/django/django;450429;1226;django;django-html-escape;Python;1100;23604;17;20;0.06;0.576;4;9;2;8;1;41;0.72;1;0.4
https://github.com/django/django;450430;1226;django;django-html-escape;Python;1100;23604;17;21;0.06;0.607;5;9;1;1;0.9;37;0.62;3;1
https://github.com/robbyrussell/oh-my-zsh;839938;3231;robbyrussell;zsh-config;Python;3384;25212;6;8;0.048;0.55;9;9;3;3;1;33;0.71;2;1.3
https://github.com/burke/zeus;995109;2857;burke;zeus;Go;55;714;18;5;0.04;0.036;3;9;1;2;0.4;23;0.41;1;0.1
https://github.com/jedi4ever/veewee;191008;13255;jedi4ever;veewee;Shell;366;3228;11;10;0.028;0.436;8;9;5;6;0.6;35;0.52;1;0.5
https://github.com/symfony/symfony-docs;531307;10070;symfony;symfony-docs-id;Python;772;9969;8;5;0.027;0.711;2;9;0;2;0.5;38;0.77;5;1.3
https://github.com/torvalds/linux;806616;1088;torvalds;linux-imx6-1;C;1053;104219;14;4;0.026;0.235;2;9;5;8;0.6;39;0.63;1;1.1
https://github.com/torvalds/linux;806621;1088;torvalds;linux-imx6-1;C;1053;104219;14;9;0.024;0.355;1;9;5;6;0.8;36;0.75;2;1.2
https://github.com/mozilla/openbadger;148685;19064;mozilla;OpenBadger;JavaScript;15;862;17;4;0.432;0.28;2;10;4;1;0.9;60;0.13;3;1.2
https://github.com/puppetlabs/puppet;211233;847;puppetlabs;puppetlabs-puppet;Ruby;408;16883;4;17;0.102;0.486;4;10;5;0;0.8;61;0.29;1;1.2
https://github.com/emberjs/ember.js;778481;540;emberjs;amber.js;JavaScript;480;9756;13;5;0.092;0.183;6;10;1;0;0.6;61;0.28;4;1.2
https://github.com/puppetlabs/puppet;211234;847;puppetlabs;puppetlabs-puppet;Ruby;408;16883;4;18;0.09;0.316;1;10;4;0;0.7;60;0.19;3;1.2
https://github.com/django/django;450424;1226;django;django-html-escape;Python;1100;23604;17;15;0.074;0.259;1;10;0;1;0;77;0.19;3;0.1
https://github.com/torvalds/linux;806632;1088;torvalds;linux-imx6-1;C;1053;104219;14;20;0.069;0.336;5;10;5;4;0;81;0.04;4;1.4
https://github.com/robbyrussell/oh-my-zsh;839946;3231;robbyrussell;zsh-config;Python;3384;25212;6;16;0.063;0.451;10;10;2;0;0.8;52;0.02;2;0.1
https://github.com/jedi4ever/veewee;191009;13255;jedi4ever;veewee;Shell;366;3228;11;11;0.038;0.339;9;10;4;6;0.2;71;0.25;3;0.2
https://github.com/django/django;450432;1226;django;django-html-escape;Python;1100;23604;17;23;0.036;0.467;23;10;4;7;0.4;78;0.25;3;0.4
https://github.com/burke/zeus;995105;2857;burke;zeus;Go;55;714;18;1;0.021;0.075;4;10;2;7;0.9;77;0.23;4;0.7
https://github.com/akretion/openerp-addons;515462;5697168;Akretion;openerp-addons-ci;Python;10;197;23;1;0.5;1;2;11;5;5;0;56;0.09;2;0
https://github.com/django/django;450412;1226;django;django-html-escape;Python;1100;23604;17;3;0.165;0.318;2;11;5;8;0.4;72;0.19;2;0.5
https://github.com/moodle/moodle;559544;1691;moodle;wip-MDL-38793-2.5_users_replace_filters;PHP;366;47096;7;21;0.164;0.453;4;11;3;3;0.9;64;0.3;1;1.2
https://github.com/liferay/liferay-portal;148779;3981;liferay;liferay-portal;Java;341;118673;7;14;0.143;0.215;1;11;5;0;0.3;63;0.2;4;0.2
https://github.com/genome/gms;690532;804746;genome;gms-core;Perl;52;4905;18;1;0.133;1;11;11;0;3;0.4;67;0.29;1;1.4
https://github.com/liferay/liferay-portal;148775;3981;liferay;liferay-portal;Java;341;118673;7;10;0.11;0.269;13;11;2;3;0.8;75;0.24;4;1.3
https://github.com/rspec/rspec-core;579578;46357;rspec;core;Ruby;256;4802;6;10;0.101;0.178;6;11;4;6;1;69;0.14;1;1.4
https://github.com/puppetlabs/puppet;211235;847;puppetlabs;puppetlabs-puppet;Ruby;408;16883;4;19;0.091;0.427;1;11;1;7;0.5;64;0.27;4;1.2
https://github.com/torvalds/linux;806631;1088;torvalds;linux-imx6-1;C;1053;104219;14;19;0.087;0.415;2;11;1;5;0.4;52;0.02;3;0.2
https://github.com/travis-ci/travis-ci;108367;14915;travis-ci;travis-ci;JavaScript;129;7076;12;9;0.076;0.004;7;11;0;4;1;80;0.23;1;0.9
https://github.com/robbyrussell/oh-my-zsh;839941;3231;robbyrussell;zsh-config;Python;3384;25212;6;11;0.075;0.373;10;11;0;6;0.4;75;0.12;4;0.1
https://github.com/torvalds/linux;806629;1088;torvalds;linux-imx6-1;C;1053;104219;14;17;0.068;0.362;4;11;3;4;0.2;56;0.21;4;1.3
https://github.com/jedi4ever/veewee;191007;13255;jedi4ever;veewee;Shell;366;3228;11;9;0.061;0.432;2;11;5;6;0.6;60;0.08;2;0.1
https://github.com/django/django;450426;1226;django;django-html-escape;Python;1100;23604;17;17;0.057;0.23;1;11;0;6;0.6;80;0.25;4;0.9
https://github.com/robbyrussell/oh-my-zsh;839933;3231;robbyrussell;zsh-config;Python;3384;25212;6;3;0.038;0.473;25;11;1;6;0.9;55;0.1;1;0.8
https://github.com/burke/zeus;995107;2857;burke;zeus;Go;55;714;18;3;0.032;0.092;4;11;5;8;1;61;0.01;1;0.7
https://github.com/holman/dotfiles;673764;3545;holman;dotfiles-v2;C;886;19168;9;13;0.029;0.441;8;11;5;5;0.3;62;0.26;1;0.6
https://github.com/torvalds/linux;806623;1088;torvalds;linux-imx6-1;C;1053;104219;14;11;0.024;0.266;2;11;4;3;0.9;50;0.13;5;1.4
https://github.com/django/django;450416;1226;django;django-html-escape;Python;1100;23604;17;7;0.198;0.056;7;12;0;5;0.1;56;0.3;4;0.9
https://github.com/chapuni/llvm-project;739697;10;chapuni;llvm;C++;269;11874;12;8;0.137;0.4;1;12;5;3;0.9;69;0.3;3;1
https://github.com/mozilla/gecko-dev;900599;6544729;mozilla;gecko-dev;C++;428;6258;23;10;0.126;0.986;3;12;2;0;0.9;56;0.22;5;0.4
https://github.com/symfony/symfony-docs;531310;10070;symfony;symfony-docs-id;Python;772;9969;8;8;0.101;0.598;2;12;0;3;0.4;61;0.02;4;1.2
https://github.com/robbyrussell/oh-my-zsh;839939;3231;robbyrussell;zsh-config;Python;3384;25212;6;9;0.088;0.506;2;12;2;8;0.2;70;0.14;3;1.5
https://github.com/torvalds/linux;806635;1088;torvalds;linux-imx6-1;C;1053;104219;14;23;0.08;0.34;16;12;0;1;0.6;79;0.18;2;1.1
https://github.com/puppetlabs/puppet;211238;847;puppetlabs;puppetlabs-puppet;Ruby;408;16883;4;22;0.075;0.34;5;12;3;2;0.4;81;0.15;5;1
https://github.com/chapuni/llvm-project;739695;10;chapuni;llvm;C++;269;11874;12;6;0.074;0.318;3;12;1;2;0.3;67;0.05;5;1.4
https://github.com/travis-ci/travis-ci;108361;14915;travis-ci;travis-ci;JavaScript;129;7076;12;3;0.059;0.4;13;12;0;3;0.9;75;0.23;2;1.5
https://github.com/holman/dotfiles;673763;3545;holman;dotfiles-v2;C;886;19168;9;12;0.049;0.59;20;12;2;3;0.9;81;0.01;5;1.3
https://github.com/symfony/symfony-docs;531313;10070;symfony;symfony-docs-id;Python;772;9969;8;11;0.047;0.6;3;12;5;1;0.3;79;0.03;1;0.3
https://github.com/torvalds/linux;806625;1088;torvalds;linux-imx6-1;C;1053;104219;14;13;0.028;0.25;9;12;5;2;0.3;50;0.27;1;1
https://github.com/cloudfoundry-attic/cf-docs;850715;143060;cloudfoundry;cf-docs;Shell;133;1136;17;2;0.375;0.6;1;13;4;8;0.2;50;0.21;4;0.8
https://github.com/cloudfoundry-attic/cf-docs;850720;143060;cloudfoundry;cf-docs;Shell;133;1136;17;7;0.227;0.554;4;13;4;1;0.3;66;0.27;2;0
https://github.com/akretion/openerp-addons;15067;3085817;Akretion;openerp-addons;Python;113;2363;19;7;0.208;0.333;7;13;2;0;0.3;82;0.12;5;0
https://github.com/django/django;450417;1226;django;django-html-escape;Python;1100;23604;17;8;0.133;0.214;3;13;2;4;0.1;71;0.09;4;0.2
https://github.com/chapuni/llvm-project;739698;10;chapuni;llvm;C++;269;11874;12;9;0.112;0.256;1;13;2;8;0.8;65;0;5;0.5
https://github.com/jedi4ever/veewee;191004;13255;jedi4ever;veewee;Shell;366;3228;11;6;0.105;0.433;1;13;1;3;0.2;50;0.26;2;0.6
https://github.com/liferay/liferay-portal;148771;3981;liferay;liferay-portal;Java;341;118673;7;6;0.098;0.922;1;13;5;6;0.1;70;0.04;2;0.9
https://github.com/django/django;450422;1226;django;django-html-escape;Python;1100;23604;17;13;0.095;0.28;3;13;3;1;0.5;50;0.17;2;1.2
https://github.com/travis-ci/travis-ci;108360;14915;travis-ci;travis-ci;JavaScript;129;7076;12;2;0.054;0.436;6;13;4;4;0.7;55;0.27;4;1.2
https://github.com/jedi4ever/veewee;191010;13255;jedi4ever;veewee;Shell;366;3228;11;12;0.026;0.37;1;13;4;3;0.9;82;0.11;4;1
https://github.com/mxcube/mxcube;26068;3537187;mxcube;mxcube;Python;23;1050;21;2;0.48;0.474;1;14;4;7;0.9;74;0.04;1;0
https://github.com/symfony/symfony-docs;531305;10070;symfony;symfony-docs-id;Python;772;9969;8;3;0.208;0.737;3;14;1;7;0.6;66;0.23;4;1.1
https://github.com/django/django;450420;1226;django;django-html-escape;Python;1100;23604;17;11;0.153;0.083;5;14;2;0;0.6;70;0.01;4;0.6
https://github.com/chapuni/llvm-project;739693;10;chapuni;llvm;C++;269;11874;12;4;0.111;0.444;2;14;3;0;0.9;77;0.18;1;1
https://github.com/symfony/symfony-docs;531317;10070;symfony;symfony-docs-id;Python;772;9969;8;15;0.078;0.59;1;14;5;5;0;56;0.15;1;1.5
https://github.com/emberjs/ember.js;778486;540;emberjs;amber.js;JavaScript;480;9756;13;10;0.05;0.232;2;14;5;3;0.5;69;0.25;1;0.7
https://github.com/travis-ci/travis-ci;108362;14915;travis-ci;travis-ci;JavaScript;129;7076;12;4;0.046;0.163;5;14;5;7;0.7;51;0.07;3;1.5
https://github.com/travis-ci/travis-ci;108364;14915;travis-ci;travis-ci;JavaScript;129;7076;12;6;0.041;0.132;6;14;1;6;0.1;56;0.13;2;0.6
https://github.com/travis-ci/travis-ci;108363;14915;travis-ci;travis-ci;JavaScript;129;7076;12;5;0.022;0.17;8;14;4;0;0.8;58;0.19;3;1.3
https://github.com/cloudfoundry-attic/cf-docs;850718;143060;cloudfoundry;cf-docs;Shell;133;1136;17;5;0.26;0.758;4;15;3;1;0.8;70;0.17;4;0.9
https://github.com/akretion/openerp-addons;15065;3085817;Akretion;openerp-addons;Python;113;2363;19;5;0.198;0.475;7;15;3;3;0.2;79;0.04;4;0.8
https://github.com/django/django;450413;1226;django;django-html-escape;Python;1100;23604;17;4;0.188;0.053;1;15;5;6;0.9;52;0.27;3;1
https://github.com/puppetlabs/puppet;506971;873008;puppetlabs;puppetlabs-puppetdb;Puppet;49;357;18;2;0.124;0.471;2;15;1;4;0;50;0.12;3;0.1
https://github.com/symfony/symfony-docs;531315;10070;symfony;symfony-docs-id;Python;772;9969;8;13;0.114;0.5;5;15;0;6;0.2;53;0.04;2;0.2
https://github.com/robbyrussell/oh-my-zsh;839945;3231;robbyrussell;zsh-config;Python;3384;25212;6;15;0.092;0.465;10;15;1;5;0.7;84;0.01;4;0.1
https://github.com/torvalds/linux;806633;1088;torvalds;linux-imx6-1;C;1053;104219;14;21;0.085;0.334;34;15;1;4;0.8;74;0.19;3;0.6
https://github.com/robbyrussell/oh-my-zsh;839942;3231;robbyrussell;zsh-config;Python;3384;25212;6;12;0.073;0.551;1;15;1;8;0.8;80;0.22;4;1.5
https://github.com/travis-ci/travis-ci;108368;14915;travis-ci;travis-ci;JavaScript;129;7076;12;10;0.066;0.025;7;15;5;3;0.2;55;0.09;3;0.4
https://github.com/holman/dotfiles;673765;3545;holman;dotfiles-v2;C;886;19168;9;14;0.042;0.435;13;15;3;8;0.4;79;0.01;2;0.8
https://github.com/holman/dotfiles;673762;3545;holman;dotfiles-v2;C;886;19168;9;11;0.034;0.518;3;15;0;7;0.3;83;0.04;5;0.3
https://github.com/emberjs/ember.js;778480;540;emberjs;amber.js;JavaScript;480;9756;13;4;0.013;0.196;22;15;4;7;0.7;59;0.29;3;1.1
https://github.com/chapuni/llvm-project;739690;10;chapuni;llvm;C++;269;11874;12;1;0.213;1;2;16;0;5;0.1;50;0.23;3;0.9
https://github.com/moodle/moodle;559541;1691;moodle;wip-MDL-38793-2.5_users_replace_filters;PHP;366;47096;7;18;0.165;0.378;4;16;0;2;0.6;73;0.23;3;1.4
https://github.com/moodle/moodle;559537;1691;moodle;wip-MDL-38793-2.5_users_replace_filters;PHP;366;47096;7;14;0.153;0.489;1;16;0;6;0.5;84;0.06;3;0.8
https://github.com/django/django;450410;1226;django;django-html-escape;Python;1100;23604;17;1;0.142;1;3;16;1;1;0.7;82;0.16;1;0.7
https://github.com/django/django;450414;1226;django;django-html-escape;Python;1100;23604;17;5;0.117;0.062;7;16;2;1;0.3;60;0.14;4;1.4
https://github.com/puppetlabs/puppet;211236;847;puppetlabs;puppetlabs-puppet;Ruby;408;16883;4;20;0.092;0.427;4;16;5;5;0.9;79;0.05;5;0.2
https://github.com/moodle/moodle;559535;1691;moodle;wip-MDL-38793-2.5_users_replace_filters;PHP;366;47096;7;12;0.071;0.455;2;16;2;4;0.6;62;0.13;1;1.2
https://github.com/rspec/rspec-core;579583;46357;rspec;core;Ruby;256;4802;6;15;0.052;0.321;1;16;5;1;0.3;82;0.03;1;0.5
https://github.com/travis-ci/travis-ci;108365;14915;travis-ci;travis-ci;JavaScript;129;7076;12;7;0.029;0.066;1;16;5;6;0.9;83;0.02;3;1.2
https://github.com/holman/dotfiles;673761;3545;holman;dotfiles-v2;C;886;19168;9;10;0.029;0.593;3;16;2;5;0.5;75;0.08;1;0.7