selected project;rowId;projectId;ownerLogin;name;language;totalCommitters;totalcommits;projectAge;windowIdx;blauGender;turnover;female;radio;tenureMedian;tenureDiversity;expertise;teamSize;stCongruence;truckFactor;centrality
https://github.com/django/django;450410;1226;django;django-html-escape;Python;1100;23604;17;1;0.142;0.37;1;0;1;1;0.7;13;0.4;1;0.7
https://github.com/holman/dotfiles;673758;3545;holman;dotfiles-v2;C;886;19168;9;7;0.027;0.35;1;0;5;6;1;74;0;3;1.5
https://github.com/torvalds/linux;806616;1088;torvalds;linux-imx6-1;C;1053;104219;14;4;0.026;0.37;1;0;5;8;0.6;77;0.8;1;1.1
https://github.com/torvalds/linux;806626;1088;torvalds;linux-imx6-1;C;1053;104219;14;14;0.027;0.4;1;0;0;5;0.9;74;0.7;5;0.8
https://github.com/akretion/openerp-addons;515462;5697168;Akretion;openerp-addons-ci;Python;10;197;23;1;0.5;0.34;1;0;5;5;0;2;1;2;0
https://github.com/puppetlabs/puppet;506971;873008;puppetlabs;puppetlabs-puppetdb;Puppet;49;357;18;2;0.124;0.39;1;0;1;4;0;15;1;3;0.1
https://github.com/symfony/symfony-docs;531307;10070;symfony;symfony-docs-id;Python;772;9969;8;5;0.027;0.36;1;0;0;2;0.5;74;0.7;5;1.3
https://github.com/travis-ci/travis-ci;108360;14915;travis-ci;travis-ci;JavaScript;129;7076;12;2;0.054;0.3;1;0;4;4;0.7;36;0.2;4;1.2
https://github.com/moodle/moodle;559535;1691;moodle;wip-MDL-38793-2.5_users_replace_filters;PHP;366;47096;7;12;0.071;0.39;1;0;2;4;0.6;27;0.2;1;1.2
https://github.com/burke/zeus;995105;2857;burke;zeus;Go;55;714;18;1;0.021;0.35;1;0;2;7;0.9;94;0.7;4;0.7
https://github.com/cloudfoundry-attic/cf-docs;850714;143060;cloudfoundry;cf-docs;Shell;133;1136;17;1;0.48;0.31;2;0;4;8;0.2;5;0.7;3;0.6
https://github.com/django/django;450413;1226;django;django-html-escape;Python;1100;23604;17;4;0.188;0.36;2;0;5;6;0.9;19;0.2;3;1
https://github.com/django/django;450418;1226;django;django-html-escape;Python;1100;23604;17;9;0.208;0.4;2;0;2;7;0.8;17;0.4;5;0.8
https://github.com/jedi4ever/veewee;191009;13255;jedi4ever;veewee;Shell;366;3228;11;11;0.038;0.38;2;0;4;6;0.2;104;0.6;3;0.2
https://github.com/moodle/moodle;559538;1691;moodle;wip-MDL-38793-2.5_users_replace_filters;PHP;366;47096;7;15;0.093;0.37;2;0;3;0;1;41;0.2;1;0.4
https://github.com/holman/dotfiles;673761;3545;holman;dotfiles-v2;C;886;19168;9;10;0.029;0.33;3;0;2;5;0.5;201;0.8;1;0.7
https://github.com/puppetlabs/puppet;211237;847;puppetlabs;puppetlabs-puppet;Ruby;408;16883;4;21;0.067;0.39;3;0;1;4;0;87;0;3;1.3
https://github.com/jedi4ever/veewee;191004;13255;jedi4ever;veewee;Shell;366;3228;11;6;0.105;0.33;3;0;1;3;0.2;54;0.5;2;0.6
https://github.com/rspec/rspec-core;579585;46357;rspec;core;Ruby;256;4802;6;17;0.071;0.39;3;0;4;8;0.6;81;0.9;1;0.5
https://github.com/cloudfoundry-attic/cf-docs;850718;143060;cloudfoundry;cf-docs;Shell;133;1136;17;5;0.26;0.34;4;0;3;1;0.8;26;0.8;4;0.9
https://github.com/django/django;450432;1226;django;django-html-escape;Python;1100;23604;17;23;0.036;0.38;4;0;4;7;0.4;219;0.1;3;0.4
https://github.com/chapuni/llvm-project;739696;10;chapuni;llvm;C++;269;11874;12;7;0.082;0.31;4;0;0;5;0.3;93;0.9;5;0.6
https://github.com/akretion/openerp-addons;15067;3085817;Akretion;openerp-addons;Python;113;2363;19;7;0.208;0.33;4;0;2;0;0.3;34;0;5;0
https://github.com/symfony/symfony-docs;531309;10070;symfony;symfony-docs-id;Python;772;9969;8;7;0.098;0.35;4;0;0;6;0.4;77;0.6;3;0.6
https://github.com/rspec/rspec-core;579582;46357;rspec;core;Ruby;256;4802;6;14;0.119;0.33;4;0;2;5;0.1;63;0.3;3;0.7
https://github.com/akretion/openerp-addons;15065;3085817;Akretion;openerp-addons;Python;113;2363;19;5;0.198;0.4;5;0;3;3;0.2;45;1;4;0.8
https://github.com/symfony/symfony-docs;531310;10070;symfony;symfony-docs-id;Python;772;9969;8;8;0.101;0.35;5;0;0;3;0.4;94;0.3;4;1.2
https://github.com/symfony/symfony-docs;531317;10070;symfony;symfony-docs-id;Python;772;9969;8;15;0.078;0.3;5;0;5;5;0;123;0.5;1;1.5
https://github.com/burke/zeus;995106;2857;burke;zeus;Go;55;714;18;2;0.091;0.32;6;0;4;5;0.4;126;0.4;4;0.3
https://github.com/cloudfoundry-attic/cf-docs;850719;143060;cloudfoundry;cf-docs;Shell;133;1136;17;6;0.289;0.38;7;0;0;4;0.4;40;0;4;1.1
https://github.com/django/django;450430;1226;django;django-html-escape;Python;1100;23604;17;21;0.06;0.3;8;0;1;1;0.9;258;0.9;3;1
https://github.com/emberjs/ember.js;778481;540;emberjs;amber.js;JavaScript;480;9756;13;5;0.092;0.32;9;0;1;0;0.6;186;1;4;1.2
https://github.com/liferay/liferay-portal;148774;3981;liferay;liferay-portal;Java;341;118673;7;9;0.165;0.32;9;0;0;7;0.7;99;0.4;3;0.5
https://github.com/mozilla/gecko-dev;900599;6544729;mozilla;gecko-dev;C++;428;6258;23;10;0.126;0.32;20;0;2;0;0.9;295;0.7;5;0.4
https://github.com/django/django;450423;1226;django;django-html-escape;Python;1100;23604;17;14;0.095;0.37;1;1;4;5;0.7;20;0.9;1;0.9
https://github.com/django/django;450425;1226;django;django-html-escape;Python;1100;23604;17;16;0.095;0.39;1;1;3;4;0.1;20;1;4;0.6
https://github.com/chapuni/llvm-project;554385;378623;CTSRD-CHERI;llvm;C++;16;208;18;3;0.32;0.3;1;1;2;7;0.4;5;0.7;2;0.4
https://github.com/chapuni/llvm-project;883893;1847533;loganchien;llvm;C++;26;508;18;5;0.245;0.38;1;1;1;5;0.9;7;0.3;4;1.4
https://github.com/puppetlabs/puppet;211230;847;puppetlabs;puppetlabs-puppet;Ruby;408;16883;4;14;0.061;0.36;1;1;5;0;0;32;0.2;4;0.3
https://github.com/puppetlabs/puppet;506970;873008;puppetlabs;puppetlabs-puppetdb;Puppet;49;357;18;1;0.142;0.4;1;1;5;2;0.7;13;1;2;0.1
https://github.com/symfony/symfony-docs;531308;10070;symfony;symfony-docs-id;Python;772;9969;8;6;0.021;0.34;1;1;2;0;0.5;94;0.2;1;0.4
https://github.com/travis-ci/travis-ci;108363;14915;travis-ci;travis-ci;JavaScript;129;7076;12;5;0.022;0.39;1;1;4;0;0.8;92;0.7;3;1.3
https://github.com/jedi4ever/veewee;191003;13255;jedi4ever;veewee;Shell;366;3228;11;5;0.029;0.38;1;1;1;3;0.7;68;0.3;2;0.7
https://github.com/django/django;450415;1226;django;django-html-escape;Python;1100;23604;17;6;0.165;0.35;2;1;5;4;0.9;22;0.6;2;1.3
https://github.com/puppetlabs/puppet;211231;847;puppetlabs;puppetlabs-puppet;Ruby;408;16883;4;15;0.108;0.37;2;1;3;3;0.2;35;0.3;5;1
https://github.com/travis-ci/travis-ci;108365;14915;travis-ci;travis-ci;JavaScript;129;7076;12;7;0.029;0.37;2;1;5;6;0.9;135;0.3;3;1.2
https://github.com/jedi4ever/veewee;191007;13255;jedi4ever;veewee;Shell;366;3228;11;9;0.061;0.38;2;1;5;6;0.6;63;1;2;0.1
https://github.com/moodle/moodle;559536;1691;moodle;wip-MDL-38793-2.5_users_replace_filters;PHP;366;47096;7;13;0.121;0.37;2;1;5;2;0.3;31;0.7;3;0.1
https://github.com/burke/zeus;995107;2857;burke;zeus;Go;55;714;18;3;0.032;0.39;2;1;5;8;1;122;0.6;1;0.7
https://github.com/burke/zeus;995109;2857;burke;zeus;Go;55;714;18;5;0.04;0.3;2;1;1;2;0.4;98;0.9;1;0.1
https://github.com/holman/dotfiles;673762;3545;holman;dotfiles-v2;C;886;19168;9;11;0.034;0.4;3;1;0;7;0.3;176;0.9;5;0.3
https://github.com/moodle/moodle;559539;1691;moodle;wip-MDL-38793-2.5_users_replace_filters;PHP;366;47096;7;16;0.117;0.38;3;1;4;1;0.9;48;1;1;0.1
https://github.com/holman/dotfiles;673760;3545;holman;dotfiles-v2;C;886;19168;9;9;0.067;0.39;4;1;4;5;0.3;116;0.6;2;1.1
https://github.com/liferay/liferay-portal;148776;3981;liferay;liferay-portal;Java;341;118673;7;11;0.071;0.36;4;1;4;1;0.9;109;0.6;3;1.2
https://github.com/genome/gms;690535;804746;genome;gms-core;Perl;52;4905;18;4;0.302;0.39;5;1;1;2;0.4;27;0;5;0.8
https://github.com/liferay/liferay-portal;148777;3981;liferay;liferay-portal;Java;341;118673;7;12;0.075;0.37;5;1;3;6;0.7;128;0.9;5;1.4
https://github.com/django/django;450427;1226;django;django-html-escape;Python;1100;23604;17;18;0.084;0.35;6;1;1;5;0.6;137;0.8;3;1.2
https://github.com/genome/gms;690536;804746;genome;gms-core;Perl;52;4905;18;5;0.337;0.39;6;1;1;7;0.3;28;1;3;1.3
https://github.com/liferay/liferay-portal;148772;3981;liferay;liferay-portal;Java;341;118673;7;7;0.126;0.38;6;1;1;7;0.6;89;1;5;0
https://github.com/torvalds/linux;806629;1088;torvalds;linux-imx6-1;C;1053;104219;14;17;0.068;0.3;6;1;3;4;0.2;170;0.3;4;1.3
https://github.com/mxcube/mxcube;26067;3537187;mxcube;mxcube;Python;23;1050;21;1;0.496;0.33;6;1;4;1;0.5;11;1;2;1.5
https://github.com/holman/dotfiles;673763;3545;holman;dotfiles-v2;C;886;19168;9;12;0.049;0.3;7;1;2;3;0.9;276;0.9;5;1.3
https://github.com/holman/dotfiles;673765;3545;holman;dotfiles-v2;C;886;19168;9;14;0.042;0.31;7;1;3;8;0.4;328;0.1;2;0.8
https://github.com/liferay/liferay-portal;148775;3981;liferay;liferay-portal;Java;341;118673;7;10;0.11;0.33;7;1;2;3;0.8;120;0.7;4;1.3
https://github.com/chapuni/llvm-project;739698;10;chapuni;llvm;C++;269;11874;12;9;0.112;0.4;7;1;2;8;0.8;117;0.2;5;0.5
https://github.com/moodle/moodle;559541;1691;moodle;wip-MDL-38793-2.5_users_replace_filters;PHP;366;47096;7;18;0.165;0.4;7;1;0;2;0.6;77;0.8;3;1.4
https://github.com/robbyrussell/oh-my-zsh;839938;3231;robbyrussell;zsh-config;Python;3384;25212;6;8;0.048;0.35;8;1;3;3;1;328;0.9;2;1.3
https://github.com/liferay/liferay-portal;148780;3981;liferay;liferay-portal;Java;341;118673;7;15;0.139;0.34;11;1;5;3;0.9;146;0.3;1;1.2
https://github.com/emberjs/ember.js;778480;540;emberjs;amber.js;JavaScript;480;9756;13;4;0.013;0.42;1;2;4;7;0.7;157;0.3;3;1.1
https://github.com/cloudfoundry-attic/cf-docs;850715;143060;cloudfoundry;cf-docs;Shell;133;1136;17;2;0.375;0.44;1;2;4;8;0.2;4;0.9;4;0.8
https://github.com/django/django;450411;1226;django;django-html-escape;Python;1100;23604;17;2;0.124;0.48;1;2;0;7;0.6;15;0.3;5;1.3
https://github.com/django/django;450414;1226;django;django-html-escape;Python;1100;23604;17;5;0.117;0.43;1;2;2;1;0.3;16;0.6;4;1.4
https://github.com/django/django;450424;1226;django;django-html-escape;Python;1100;23604;17;15;0.074;0.54;1;2;0;1;0;26;0.3;3;0.1
https://github.com/liferay/liferay-portal;148770;3981;liferay;liferay-portal;Java;341;118673;7;5;0.375;0.42;1;2;4;4;0.2;4;0.1;3;0.9
https://github.com/torvalds/linux;806624;1088;torvalds;linux-imx6-1;C;1053;104219;14;12;0.022;0.54;1;2;2;5;1;89;1;4;1.3
https://github.com/torvalds/linux;806625;1088;torvalds;linux-imx6-1;C;1053;104219;14;13;0.028;0.55;1;2;5;2;0.3;71;0.1;1;1
https://github.com/akretion/openerp-addons;15061;3085817;Akretion;openerp-addons;Python;113;2363;19;1;0.375;0.49;1;2;0;4;0;4;0.5;1;0.5
https://github.com/rspec/rspec-core;579576;46357;rspec;core;Ruby;256;4802;6;8;0.025;0.56;1;2;4;2;0.1;80;1;1;0.7
https://github.com/django/django;450419;1226;django;django-html-escape;Python;1100;23604;17;10;0.231;0.52;2;2;4;2;0.3;15;0.7;3;0
https://github.com/django/django;450426;1226;django;django-html-escape;Python;1100;23604;17;17;0.057;0.44;2;2;0;6;0.6;68;0.2;4;0.9
https://github.com/genome/gms;690532;804746;genome;gms-core;Perl;52;4905;18;1;0.133;0.57;2;2;0;3;0.4;28;1;1;1.4
https://github.com/torvalds/linux;806628;1088;torvalds;linux-imx6-1;C;1053;104219;14;16;0.025;0.58;2;2;1;4;0.6;155;0.7;3;0
https://github.com/chapuni/llvm-project;685768;147157;Bigcheese;llvm;C++;42;150;12;1;0.133;0.43;2;2;0;1;0.8;28;0;2;0.3
https://github.com/puppetlabs/puppet;211229;847;puppetlabs;puppetlabs-puppet;Ruby;408;16883;4;13;0.159;0.53;2;2;1;7;1;23;0.1;3;0.5
https://github.com/robbyrussell/oh-my-zsh;839935;3231;robbyrussell;zsh-config;Python;3384;25212;6;5;0.04;0.44;2;2;4;7;0.8;99;0.5;3;0.5
https://github.com/rspec/rspec-core;579583;46357;rspec;core;Ruby;256;4802;6;15;0.052;0.59;2;2;5;1;0.3;75;1;1;0.5
https://github.com/emberjs/ember.js;778482;540;emberjs;amber.js;JavaScript;480;9756;13;6;0.034;0.36;3;2;1;4;0.6;173;0.8;5;0.5
https://github.com/genome/gms;690533;804746;genome;gms-core;Perl;52;4905;18;2;0.211;0.39;3;2;4;4;0.5;25;0.7;1;0.9
https://github.com/torvalds/linux;806627;1088;torvalds;linux-imx6-1;C;1053;104219;14;15;0.035;0.35;3;2;4;8;0.1;167;0;4;0.4
https://github.com/puppetlabs/puppet;211238;847;puppetlabs;puppetlabs-puppet;Ruby;408;16883;4;22;0.075;0.36;3;2;3;2;0.4;77;0.7;5;1
https://github.com/symfony/symfony-docs;531306;10070;symfony;symfony-docs-id;Python;772;9969;8;4;0.142;0.36;3;2;0;1;0.1;39;0.9;4;1.3
https://github.com/rspec/rspec-core;579579;46357;rspec;core;Ruby;256;4802;6;11;0.103;0.31;3;2;5;4;0.8;55;0;2;0.3
https://github.com/holman/dotfiles;673764;3545;holman;dotfiles-v2;C;886;19168;9;13;0.029;0.31;4;2;5;5;0.3;270;0.1;1;0.6
https://github.com/puppetlabs/puppet;211236;847;puppetlabs;puppetlabs-puppet;Ruby;408;16883;4;20;0.092;0.33;4;2;5;5;0.9;83;0.1;5;0.2
https://github.com/symfony/symfony-docs;531314;10070;symfony;symfony-docs-id;Python;772;9969;8;12;0.058;0.4;4;2;5;5;0.5;135;0.2;1;0.9
https://github.com/moodle/moodle;559543;1691;moodle;wip-MDL-38793-2.5_users_replace_filters;PHP;366;47096;7;20;0.09;0.33;4;2;1;6;0;85;0.5;5;0.9
https://github.com/rspec/rspec-core;579575;46357;rspec;core;Ruby;256;4802;6;7;0.097;0.33;4;2;4;6;0.9;78;0;5;0.1
https://github.com/chapuni/llvm-project;739692;10;chapuni;llvm;C++;269;11874;12;3;0.155;0.37;5;2;2;2;0.8;59;0.1;2;0.1
https://github.com/puppetlabs/puppet;211233;847;puppetlabs;puppetlabs-puppet;Ruby;408;16883;4;17;0.102;0.37;5;2;5;0;0.8;93;0.9;1;1.2
https://github.com/genome/gms;690534;804746;genome;gms-core;Perl;52;4905;18;3;0.365;0.39;6;2;4;4;0.1;25;0.4;5;0.6
https://github.com/mozilla/openbadger;148685;19064;mozilla;OpenBadger;JavaScript;15;862;17;4;0.432;0.34;6;2;4;1;0.9;19;0.6;3;1.2
https://github.com/django/django;450429;1226;django;django-html-escape;Python;1100;23604;17;20;0.06;0.39;7;2;2;8;1;225;0.4;1;0.4
https://github.com/emberjs/ember.js;778483;540;emberjs;amber.js;JavaScript;480;9756;13;7;0.074;0.34;8;2;4;6;1;207;0.1;1;0.6
https://github.com/emberjs/ember.js;778486;540;emberjs;amber.js;JavaScript;480;9756;13;10;0.05;0.35;8;2;5;3;0.5;310;0.1;1;0.7
https://github.com/liferay/liferay-portal;148773;3981;liferay;liferay-portal;Java;341;118673;7;8;0.173;0.31;9;2;4;2;0.3;94;0.3;2;1.4
https://github.com/moodle/moodle;559544;1691;moodle;wip-MDL-38793-2.5_users_replace_filters;PHP;366;47096;7;21;0.164;0.3;10;2;3;3;0.9;111;0.5;1;1.2
https://github.com/django/django;450431;1226;django;django-html-escape;Python;1100;23604;17;22;0.076;0.35;11;2;1;1;0.9;278;0;4;0.6
https://github.com/emberjs/ember.js;778484;540;emberjs;amber.js;JavaScript;480;9756;13;8;0.074;0.32;12;2;2;6;0.6;312;0.2;1;0.6
https://github.com/torvalds/linux;806636;1088;torvalds;linux-imx6-1;C;1053;104219;14;24;0.112;0.38;19;2;5;1;0.4;319;1;2;1.4
https://github.com/robbyrussell/oh-my-zsh;839943;3231;robbyrussell;zsh-config;Python;3384;25212;6;13;0.067;0.4;20;2;5;1;0;580;0;5;0.1
https://github.com/robbyrussell/oh-my-zsh;839946;3231;robbyrussell;zsh-config;Python;3384;25212;6;16;0.063;0.35;23;2;2;0;0.8;712;0.1;2;0.1
https://github.com/robbyrussell/oh-my-zsh;839941;3231;robbyrussell;zsh-config;Python;3384;25212;6;11;0.075;0.37;25;2;0;6;0.4;639;0.1;4;0.1
https://github.com/robbyrussell/oh-my-zsh;839944;3231;robbyrussell;zsh-config;Python;3384;25212;6;14;0.084;0.32;31;2;0;7;0.6;702;0.8;2;0.4
https://github.com/robbyrussell/oh-my-zsh;839945;3231;robbyrussell;zsh-config;Python;3384;25212;6;15;0.092;0.32;34;2;1;5;0.7;700;1;4;0.1
https://github.com/cloudfoundry-attic/cf-docs;850717;143060;cloudfoundry;cf-docs;Shell;133;1136;17;4;0.18;0.75;1;3;0;2;0.5;10;0.6;5;0.7
https://github.com/chapuni/llvm-project;554384;378623;CTSRD-CHERI;llvm;C++;16;208;18;1;0.165;0.6;1;3;4;0;1;11;0.1;1;0.7
https://github.com/burke/zeus;995108;2857;burke;zeus;Go;55;714;18;4;0.019;0.46;1;3;2;3;0.3;102;0.8;2;0.7
https://github.com/cloudfoundry-attic/cf-docs;850716;143060;cloudfoundry;cf-docs;Shell;133;1136;17;3;0.48;0.4;2;3;1;8;0.1;5;0;3;1.4
https://github.com/torvalds/linux;806622;1088;torvalds;linux-imx6-1;C;1053;104219;14;10;0.045;0.45;2;3;2;3;0.1;86;0.9;3;0.6
https://github.com/chapuni/llvm-project;356513;2947549;fangism;llvm;C++;33;101;20;1;0.198;0.41;2;3;4;5;0.1;18;1;5;0.1
https://github.com/travis-ci/travis-ci;108362;14915;travis-ci;travis-ci;JavaScript;129;7076;12;4;0.046;0.51;2;3;5;7;0.7;85;0.6;3;1.5
https://github.com/travis-ci/travis-ci;108366;14915;travis-ci;travis-ci;JavaScript;129;7076;12;8;0.032;0.56;2;3;0;5;0.3;122;0;4;0.3
https://github.com/jedi4ever/veewee;191008;13255;jedi4ever;veewee;Shell;366;3228;11;10;0.028;0.5;2;3;5;6;0.6;140;0.8;1;0.5
https://github.com/liferay/liferay-portal;148771;3981;liferay;liferay-portal;Java;341;118673;7;6;0.098;0.6;3;3;5;6;0.1;58;0.4;2;0.9
https://github.com/chapuni/llvm-project;739695;10;chapuni;llvm;C++;269;11874;12;6;0.074;0.5;3;3;1;2;0.3;78;0.5;5;1.4
https://github.com/puppetlabs/puppet;211232;847;puppetlabs;puppetlabs-puppet;Ruby;408;16883;4;16;0.094;0.55;3;3;0;8;0.5;61;0;1;0.9
https://github.com/rspec/rspec-core;579577;46357;rspec;core;Ruby;256;4802;6;9;0.08;0.4;3;3;4;1;0.5;72;0.6;5;0.9
https://github.com/puppetlabs/puppet;211234;847;puppetlabs;puppetlabs-puppet;Ruby;408;16883;4;18;0.09;0.55;4;3;4;0;0.7;85;0.4;3;1.2
https://github.com/puppetlabs/puppet;211235;847;puppetlabs;puppetlabs-puppet;Ruby;408;16883;4;19;0.091;0.41;4;3;1;7;0.5;84;0.1;4;1.2
https://github.com/rspec/rspec-core;579578;46357;rspec;core;Ruby;256;4802;6;10;0.101;0.43;4;3;4;6;1;75;0.4;1;1.4
https://github.com/akretion/openerp-addons;15066;3085817;Akretion;openerp-addons;Python;113;2363;19;6;0.194;0.54;5;3;2;0;0.8;46;1;5;1.4
https://github.com/rspec/rspec-core;579584;46357;rspec;core;Ruby;256;4802;6;16;0.121;0.46;5;3;5;8;0.1;77;0.8;5;0.4
https://github.com/cloudfoundry-attic/cf-docs;850720;143060;cloudfoundry;cf-docs;Shell;133;1136;17;7;0.227;0.58;6;3;4;1;0.3;46;0.5;2;0
https://github.com/travis-ci/travis-ci;108368;14915;travis-ci;travis-ci;JavaScript;129;7076;12;10;0.066;0.4;7;3;5;3;0.2;206;0;3;0.4
https://github.com/django/django;450428;1226;django;django-html-escape;Python;1100;23604;17;19;0.072;0.47;8;3;1;2;1;215;0.3;2;0.1
https://github.com/travis-ci/travis-ci;108367;14915;travis-ci;travis-ci;JavaScript;129;7076;12;9;0.076;0.48;8;3;0;4;1;203;0.8;1;0.9
https://github.com/moodle/moodle;559540;1691;moodle;wip-MDL-38793-2.5_users_replace_filters;PHP;366;47096;7;17;0.208;0.4;8;3;0;1;0;68;0.3;2;1.3
https://github.com/liferay/liferay-portal;148778;3981;liferay;liferay-portal;Java;341;118673;7;13;0.129;0.49;9;3;0;8;0.4;130;0.2;2;0.6
https://github.com/chapuni/llvm-project;739697;10;chapuni;llvm;C++;269;11874;12;8;0.137;0.57;9;3;5;3;0.9;122;0.9;3;1
https://github.com/chapuni/llvm-project;739699;10;chapuni;llvm;C++;269;11874;12;10;0.118;0.5;9;3;4;3;0.1;143;0.3;2;1.4
https://github.com/moodle/moodle;559546;1691;moodle;wip-MDL-38793-2.5_users_replace_filters;PHP;366;47096;7;23;0.199;0.46;14;3;5;1;0.6;125;0.3;4;0.9
https://github.com/robbyrussell/oh-my-zsh;839947;3231;robbyrussell;zsh-config;Python;3384;25212;6;17;0.073;0.57;27;3;4;1;0;709;0.8;4;0.7
https://github.com/django/django;450417;1226;django;django-html-escape;Python;1100;23604;17;8;0.133;0.64;1;4;2;4;0.1;14;1;4;0.2
https://github.com/django/django;450420;1226;django;django-html-escape;Python;1100;23604;17;11;0.153;0.69;1;4;2;0;0.6;12;0.9;4;0.6
https://github.com/torvalds/linux;806623;1088;torvalds;linux-imx6-1;C;1053;104219;14;11;0.024;0.51;1;4;4;3;0.9;82;0.6;5;1.4
https://github.com/mozilla/openbadger;148686;19064;mozilla;OpenBadger;JavaScript;15;862;17;5;0.245;0.62;1;4;2;7;0.2;7;0.4;3;0.5
https://github.com/jedi4ever/veewee;191010;13255;jedi4ever;veewee;Shell;366;3228;11;12;0.026;0.67;1;4;4;3;0.9;77;0;4;1
https://github.com/robbyrussell/oh-my-zsh;839934;3231;robbyrussell;zsh-config;Python;3384;25212;6;4;0.038;0.72;1;4;2;0;0;52;0.2;3;1.5
https://github.com/symfony/symfony-docs;531305;10070;symfony;symfony-docs-id;Python;772;9969;8;3;0.208;0.75;2;4;1;7;0.6;17;0.9;4;1.1
https://github.com/symfony/symfony-docs;531312;10070;symfony;symfony-docs-id;Python;772;9969;8;10;0.033;0.54;2;4;1;7;0.9;118;0.2;5;0.6
https://github.com/moodle/moodle;559533;1691;moodle;wip-MDL-38793-2.5_users_replace_filters;PHP;366;47096;7;10;0.231;0.71;2;4;0;4;0.3;15;1;2;1.3
https://github.com/rspec/rspec-core;579574;46357;rspec;core;Ruby;256;4802;6;6;0.053;0.54;2;4;5;4;0.6;73;0.4;3;1.4
https://github.com/chapuni/llvm-project;827045;163432;jrk;llvm;C++;43;304;13;1;0.142;0.66;3;4;5;5;0.2;39;0;5;0.5
https://github.com/symfony/symfony-docs;531311;10070;symfony;symfony-docs-id;Python;772;9969;8;9;0.047;0.57;3;4;4;1;0.8;125;0;2;0
https://github.com/symfony/symfony-docs;531313;10070;symfony;symfony-docs-id;Python;772;9969;8;11;0.047;0.65;3;4;5;1;0.3;124;1;1;0.3
https://github.com/robbyrussell/oh-my-zsh;839936;3231;robbyrussell;zsh-config;Python;3384;25212;6;6;0.049;0.66;3;4;1;1;0.5;120;1;5;0
https://github.com/rspec/rspec-core;579580;46357;rspec;core;Ruby;256;4802;6;12;0.088;0.6;3;4;5;8;0.3;65;0.2;4;0.9
https://github.com/rspec/rspec-core;579586;46357;rspec;core;Ruby;256;4802;6;18;0.105;0.72;3;4;0;6;0.8;54;0.5;1;0.9
https://github.com/chapuni/llvm-project;739693;10;chapuni;llvm;C++;269;11874;12;4;0.111;0.62;5;4;3;0;0.9;85;0.5;1;1
https://github.com/chapuni/llvm-project;739694;10;chapuni;llvm;C++;269;11874;12;5;0.133;0.52;5;4;1;5;1;70;0.1;3;0.6
https://github.com/puppetlabs/puppet;211239;847;puppetlabs;puppetlabs-puppet;Ruby;408;16883;4;23;0.112;0.51;5;4;1;8;1;84;0.9;2;0.6
https://github.com/symfony/symfony-docs;531316;10070;symfony;symfony-docs-id;Python;772;9969;8;14;0.076;0.5;7;4;1;1;0;176;0.1;3;0.9
https://github.com/emberjs/ember.js;778485;540;emberjs;amber.js;JavaScript;480;9756;13;9;0.074;0.52;10;4;2;0;0;260;0.7;1;0.5
https://github.com/torvalds/linux;806632;1088;torvalds;linux-imx6-1;C;1053;104219;14;20;0.069;0.56;10;4;5;4;0;281;0.5;4;1.4
https://github.com/moodle/moodle;559545;1691;moodle;wip-MDL-38793-2.5_users_replace_filters;PHP;366;47096;7;22;0.169;0.52;10;4;3;8;0;107;0.7;3;0.6
https://github.com/liferay/liferay-portal;148779;3981;liferay;liferay-portal;Java;341;118673;7;14;0.143;0.65;11;4;5;0;0.3;142;0.9;4;0.2
https://github.com/robbyrussell/oh-my-zsh;839942;3231;robbyrussell;zsh-config;Python;3384;25212;6;12;0.073;0.8;22;4;1;8;0.8;580;0.8;4;1.5
https://github.com/django/django;450422;1226;django;django-html-escape;Python;1100;23604;17;13;0.095;0.53;1;5;3;1;0.5;20;0.9;2;1.2
https://github.com/torvalds/linux;806621;1088;torvalds;linux-imx6-1;C;1053;104219;14;9;0.024;0.53;1;5;5;6;0.8;82;0.5;2;1.2
https://github.com/jedi4ever/veewee;191002;13255;jedi4ever;veewee;Shell;366;3228;11;4;0.054;0.62;1;5;2;6;0.4;36;0.9;4;0
https://github.com/robbyrussell/oh-my-zsh;839933;3231;robbyrussell;zsh-config;Python;3384;25212;6;3;0.038;0.58;1;5;1;6;0.9;51;0.3;1;0.8
https://github.com/django/django;450412;1226;django;django-html-escape;Python;1100;23604;17;3;0.165;0.69;2;5;5;8;0.4;22;0.8;2;0.5
https://github.com/django/django;450416;1226;django;django-html-escape;Python;1100;23604;17;7;0.198;0.8;2;5;0;5;0.1;18;0.2;4;0.9
https://github.com/travis-ci/travis-ci;108361;14915;travis-ci;travis-ci;JavaScript;129;7076;12;3;0.059;0.72;2;5;0;3;0.9;66;0.5;2;1.5
https://github.com/moodle/moodle;559534;1691;moodle;wip-MDL-38793-2.5_users_replace_filters;PHP;366;47096;7;11;0.153;0.62;2;5;1;6;0.7;24;0;3;1.5
https://github.com/travis-ci/travis-ci;108364;14915;travis-ci;travis-ci;JavaScript;129;7076;12;6;0.041;0.69;3;5;1;6;0.1;145;0.2;2;0.6
https://github.com/moodle/moodle;559537;1691;moodle;wip-MDL-38793-2.5_users_replace_filters;PHP;366;47096;7;14;0.153;0.7;3;5;0;6;0.5;36;0.7;3;0.8
https://github.com/chapuni/llvm-project;739690;10;chapuni;llvm;C++;269;11874;12;1;0.213;0.75;4;5;0;5;0.1;33;0.3;3;0.9
https://github.com/rspec/rspec-core;579581;46357;rspec;core;Ruby;256;4802;6;13;0.087;0.58;4;5;4;8;0.8;88;0.9;3;0.5
https://github.com/puppetlabs/puppet;211240;847;puppetlabs;puppetlabs-puppet;Ruby;408;16883;4;24;0.099;0.71;5;5;4;6;0.1;96;0.2;5;0.8
https://github.com/jedi4ever/veewee;191006;13255;jedi4ever;veewee;Shell;366;3228;11;8;0.106;0.78;5;5;0;7;0.4;89;0.3;3;0.8
https://github.com/moodle/moodle;559542;1691;moodle;wip-MDL-38793-2.5_users_replace_filters;PHP;366;47096;7;19;0.105;0.6;5;5;4;4;1;90;0.6;5;1.1
https://github.com/mxcube/mxcube;26068;3537187;mxcube;mxcube;Python;23;1050;21;2;0.48;0.75;6;5;4;7;0.9;15;0.9;1;0
https://github.com/akretion/openerp-addons;15064;3085817;Akretion;openerp-addons;Python;113;2363;19;4;0.327;0.61;7;5;1;4;0.1;34;1;3;0.8
https://github.com/travis-ci/travis-ci;108369;14915;travis-ci;travis-ci;JavaScript;129;7076;12;11;0.053;0.7;7;5;3;7;1;259;0.6;3;0.6
https://github.com/robbyrussell/oh-my-zsh;839937;3231;robbyrussell;zsh-config;Python;3384;25212;6;7;0.062;0.54;7;5;0;3;0.9;219;0.6;4;1.1
https://github.com/torvalds/linux;806630;1088;torvalds;linux-imx6-1;C;1053;104219;14;18;0.067;0.72;10;5;3;5;0.4;288;0;5;1.4
https://github.com/symfony/symfony-docs;531315;10070;symfony;symfony-docs-id;Python;772;9969;8;13;0.114;0.54;10;5;0;6;0.2;165;0.9;2;0.2
https://github.com/torvalds/linux;806634;1088;torvalds;linux-imx6-1;C;1053;104219;14;22;0.071;0.6;11;5;0;1;0.5;297;0.6;2;0.7
https://github.com/django/django;450433;1226;django;django-html-escape;Python;1100;23604;17;24;0.095;0.73;12;5;4;4;0.6;241;0.1;5;1.4
https://github.com/liferay/liferay-portal;148781;3981;liferay;liferay-portal;Java;341;118673;7;16;0.166;0.79;13;5;4;5;0.8;142;0.5;1;1.4
https://github.com/torvalds/linux;806631;1088;torvalds;linux-imx6-1;C;1053;104219;14;19;0.087;0.75;13;5;1;5;0.4;285;1;3;0.2
https://github.com/torvalds/linux;806633;1088;torvalds;linux-imx6-1;C;1053;104219;14;21;0.085;0.65;13;5;1;4;0.8;292;0.1;3;0.6
https://github.com/torvalds/linux;806635;1088;torvalds;linux-imx6-1;C;1053;104219;14;23;0.08;0.78;13;5;0;1;0.6;310;1;2;1.1
https://github.com/robbyrussell/oh-my-zsh;839939;3231;robbyrussell;zsh-config;Python;3384;25212;6;9;0.088;0.78;16;5;2;8;0.2;348;0.6;3;1.5
https://github.com/robbyrussell/oh-my-zsh;839940;3231;robbyrussell;zsh-config;Python;3384;25212;6;10;0.094;0.64;25;5;2;3;1;507;0.3;3;0.6